transport,payload_bytes,iterations,min_lat_ns,max_lat_ns,mean_lat_ns,p50_lat_ns,p90_lat_ns,p99_lat_ns,p999_lat_ns,throughput_mps,throughput_mbps,vol_csw,invol_csw,wall_time_ns
Anonymous Pipe,64,100000,1135.50,623167.00,1643.04,1351.00,1440.00,2638.00,88786.00,301702.11,18.41,99979,36,331452771
UNIX Socket,64,100000,1104.00,139894.00,1331.74,1194.50,1480.50,1959.00,13503.50,372402.02,22.73,100010,42,268527006
POSIX MQ,64,100000,1298.50,145059.50,1593.54,1505.00,1547.50,2126.50,19184.50,311465.11,19.01,99990,25,321063244
Naive SHM+Futex,64,100000,119.00,500124.50,1439.76,1360.00,1391.00,1871.50,13309.50,344586.44,21.03,99782,18,290202948
Anonymous Pipe,128,100000,1165.00,247096.00,1453.07,1356.00,1389.50,1998.00,14878.50,341107.59,41.64,99990,17,293162639
UNIX Socket,128,100000,1052.50,180787.00,1332.57,1184.00,1476.50,1973.00,14285.50,372184.17,45.43,100039,43,268684184
POSIX MQ,128,100000,1292.00,128633.50,1584.32,1504.00,1546.00,2101.50,16137.50,313420.20,38.26,99981,22,319060483
Naive SHM+Futex,128,100000,119.50,403037.50,1454.31,1370.50,1453.50,1987.50,15272.50,341184.87,41.65,98530,23,293096233
Anonymous Pipe,256,100000,1173.50,811772.50,1460.23,1373.50,1430.50,1997.00,12627.00,339716.04,82.94,99973,32,294363492
UNIX Socket,256,100000,1074.00,157880.00,1318.90,1182.00,1477.50,1949.00,12014.00,376014.77,91.80,100050,41,265947002
POSIX MQ,256,100000,1307.50,397887.50,1587.17,1495.00,1562.50,2052.00,18031.50,312671.79,76.34,99982,27,319824187
Naive SHM+Futex,256,100000,110.50,153301.50,1398.64,1353.00,1431.50,1870.00,14588.50,354591.53,86.57,96726,17,282014634
Anonymous Pipe,512,100000,1279.50,154428.50,1558.63,1477.50,1508.00,2012.50,15568.50,318426.28,155.48,99987,27,314044428
UNIX Socket,512,100000,1124.50,127855.00,1368.33,1224.00,1594.50,2031.50,12479.00,362497.99,177.00,100013,43,275863598
POSIX MQ,512,100000,1355.00,168157.00,1591.50,1503.00,1607.00,2038.00,12573.50,312010.71,152.35,99982,21,320501823
Naive SHM+Futex,512,100000,123.00,599102.50,1484.79,1406.50,1468.00,1955.50,16596.50,333809.52,162.99,99516,21,299572046
Anonymous Pipe,1024,100000,1331.00,794393.00,1644.46,1535.50,1597.00,2187.50,14470.50,301906.91,294.83,99982,25,331227932
UNIX Socket,1024,100000,1142.50,138380.00,1469.33,1300.50,1678.50,2228.00,16714.00,337722.49,329.81,100073,69,296101099
POSIX MQ,1024,100000,1446.00,160673.00,1714.00,1618.00,1707.00,2221.50,16173.00,289850.15,283.06,99980,44,345005857
Naive SHM+Futex,1024,100000,119.50,828712.50,1572.24,1390.00,1489.00,2574.00,20590.50,315588.77,308.19,99580,18,316868053
Anonymous Pipe,4096,100000,1753.00,162831.50,1966.23,1854.00,1951.50,2849.50,16272.50,252764.81,987.36,99982,49,395624699
UNIX Socket,4096,100000,1704.50,194091.00,2102.90,1834.00,2473.50,3255.50,22716.00,236508.68,923.86,106914,87,422817460
POSIX MQ,4096,100000,1921.50,123344.00,2148.63,2025.50,2143.50,3132.50,17358.50,231480.56,904.22,99984,55,432001722
Naive SHM+Futex,4096,100000,141.00,141550.50,1461.08,1393.50,1476.50,1921.50,11873.50,339620.98,1326.64,99050,21,294445883
Anonymous Pipe,65536,100000,9782.50,759492.50,11213.85,10569.50,10751.00,21416.00,123732.00,44537.06,2783.57,99973,521,2245320975
UNIX Socket,65536,100000,7499.00,404874.00,8827.14,8421.50,8599.00,15041.00,112588.00,56563.13,3535.20,299097,521,1767936048
Naive SHM+Futex,65536,100000,2307.00,153802.50,2764.94,2641.50,2683.00,3708.00,26587.50,179975.95,11248.50,99963,124,555629809
